{
  "codec_ids": {
    "shape": [
      1,
      16
    ],
    "values": [
      1,
      2,
      3,
      4,
      5,
      6,
      7,
      8,
      9,
      10,
      11,
      12,
      13,
      14,
      15,
      16
    ]
  },
  "talker_hidden_states": {
    "shape": [
      1,
      1024
    ],
    "values": [
      4.53125,
      -13.0,
      -4.5625,
      -6.65625,
      -1.078125,
      0.458984375,
      -0.5234375,
      -4.90625,
      -5.5,
      2.015625,
      -0.13671875,
      -3.71875,
      -16.875,
      -8.375,
      -2.25,
      -1.75,
      -11.125,
      7.09375,
      1.0859375,
      -3.8125,
      3.828125,
      2.984375,
      -11.375,
      -1.765625,
      7.5,
      4.78125,
      -1.1953125,
      -0.58203125,
      -2.015625,
      -1.140625,
      -2.9375,
      -10.4375,
      -2.78125,
      14.5625,
      -4.4375,
      4.3125,
      -1.328125,
      -3.359375,
      -1.6953125,
      -3.1875,
      -12.6875,
      4.3125,
      -1.4140625,
      -15.5625,
      6.21875,
      2.046875,
      5.1875,
      -3.578125,
      14.0625,
      4.75,
      -10.375,
      -7.15625,
      -3.46875,
      1.0,
      -8.0,
      -5.125,
      -7.375,
      -4.625,
      -3.296875,
      2.171875,
      -1.3359375,
      9.1875,
      6.15625,
      -6.53125,
      -3.53125,
      6.40625,
      -7.34375,
      -5.0625,
      -18.875,
      5.46875,
      -3.640625,
      2.078125,
      1.2734375,
      -17.5,
      2.859375,
      -4.96875,
      -0.83203125,
      3.5625,
      5.1875,
      -4.03125,
      3.703125,
      -14.1875,
      -1.734375,
      -9.75,
      -1.9765625,
      -7.1875,
      -2.265625,
      9.3125,
      -1.078125,
      -5.5,
      7.21875,
      -4.03125,
      11.625,
      0.51171875,
      1.8359375,
      7.15625,
      -1.03125,
      5.84375,
      -5.125,
      -6.96875,
      6.0,
      -5.40625,
      -16.875,
      -13.1875,
      -17.625,
      -5.375,
      -3.140625,
      4.75,
      -4.4375,
      0.333984375,
      3.234375,
      10.375,
      1.5390625,
      -8.25,
      -10.125,
      6.03125,
      2.09375,
      0.416015625,
      -0.73046875,
      -8.0,
      -11.3125,
      3.53125,
      -0.78515625,
      -1.140625,
      1.125,
      -4.125,
      -3.5,
      14.5,
      2.78125,
      2.671875,
      -13.875,
      -2.109375,
      2.765625,
      5.21875,
      6.75,
      12.4375,
      1.375,
      7.6875,
      -9.375,
      7.28125,
      -17.125,
      -0.23828125,
      6.125,
      5.03125,
      0.5234375,
      6.03125,
      -11.25,
      -6.5,
      -8.375,
      10.3125,
      1.0078125,
      10.875,
      10.125,
      -3.953125,
      -2.515625,
      1.09375,
      0.69921875,
      -7.71875,
      4.03125,
      -15.6875,
      -3.375,
      4.8125,
      -2.546875,
      -2.984375,
      4.96875,
      1.5859375,
      2.875,
      5.4375,
      -8.3125,
      -2.171875,
      2.3125,
      0.30859375,
      -4.625,
      7.625,
      0.71484375,
      -0.1005859375,
      -14.5625,
      -8.875,
      -14.875,
      -0.85546875,
      -6.625,
      7.1875,
      1.4140625,
      -5.125,
      -7.375,
      -14.5625,
      -10.75,
      12.0,
      5.5,
      4.59375,
      -2.5625,
      5.9375,
      2.6875,
      -0.27734375,
      -1.7890625,
      -8.625,
      -6.125,
      -6.46875,
      3.71875,
      -6.03125,
      -3.84375,
      -0.35546875,
      14.25,
      -3.84375,
      -13.1875,
      5.8125,
      -6.65625,
      3.875,
      12.25,
      8.625,
      -15.25,
      9.875,
      4.9375,
      1.0390625,
      5.125,
      11.25,
      1.3828125,
      -1.8671875,
      11.0,
      6.0625,
      -3.1875,
      3.1875,
      1.9765625,
      -1.5,
      3.171875,
      5.34375,
      1.9609375,
      -2.8125,
      -1.59375,
      6.46875,
      3.703125,
      -15.3125,
      -8.5,
      1.8515625,
      -0.173828125,
      -11.5,
      -1.8515625,
      3.6875,
      -1.546875,
      2.390625,
      -12.25,
      -6.5,
      -7.75,
      0.0,
      -1.8125,
      -3.359375,
      -3.421875,
      -0.91015625,
      -4.1875,
      3.90625,
      -4.25,
      2.796875,
      -10.4375,
      7.1875,
      6.46875,
      -2.09375,
      -13.25,
      2.75,
      -2.78125,
      -1.1015625,
      3.359375,
      -0.63671875,
      3.1875,
      0.46484375,
      4.96875,
      -0.60546875,
      10.875,
      -7.84375,
      3.09375,
      7.75,
      2.28125,
      1.6015625,
      -3.171875,
      -1.9453125,
      1.2734375,
      3.671875,
      -4.96875,
      -1.0,
      3.828125,
      6.5,
      5.65625,
      8.9375,
      -2.578125,
      -6.40625,
      5.65625,
      -7.375,
      -7.90625,
      -0.8125,
      -3.359375,
      -3.765625,
      -3.515625,
      5.375,
      10.3125,
      -6.4375,
      8.875,
      -3.90625,
      -4.0625,
      -1.140625,
      0.47265625,
      3.765625,
      6.28125,
      -1.9609375,
      -0.7890625,
      -2.25,
      -3.546875,
      -0.28515625,
      5.3125,
      1.46875,
      3.765625,
      3.640625,
      5.34375,
      -1.234375,
      10.25,
      -2.3125,
      8.625,
      2.390625,
      -6.84375,
      4.96875,
      -1.8984375,
      -4.6875,
      2.3125,
      7.90625,
      -5.15625,
      7.5,
      -6.03125,
      6.5,
      5.59375,
      -5.75,
      -3.453125,
      -3.53125,
      9.9375,
      -5.71875,
      -10.0625,
      0.43359375,
      4.59375,
      -1.515625,
      1.8203125,
      -6.34375,
      -8.25,
      -10.25,
      7.84375,
      -3.796875,
      0.1201171875,
      7.40625,
      6.75,
      -10.8125,
      4.375,
      2.375,
      -4.21875,
      -1.203125,
      2.171875,
      -16.125,
      3.640625,
      -3.015625,
      7.1875,
      -10.0625,
      -15.0,
      6.8125,
      1.1171875,
      4.09375,
      2.046875,
      -3.390625,
      -3.96875,
      0.9453125,
      -9.4375,
      8.4375,
      3.15625,
      9.375,
      -13.875,
      -5.75,
      0.70703125,
      0.70703125,
      -2.46875,
      8.0625,
      -2.109375,
      1.984375,
      -20.125,
      -7.1875,
      -7.90625,
      4.8125,
      -3.03125,
      -0.7109375,
      3.6875,
      -4.46875,
      -4.75,
      -6.375,
      0.96875,
      -12.5625,
      6.8125,
      5.84375,
      4.3125,
      -4.625,
      12.1875,
      -5.59375,
      1.21875,
      10.875,
      4.125,
      -1.4765625,
      4.5625,
      -2.046875,
      11.6875,
      -3.15625,
      3.09375,
      -10.3125,
      -8.25,
      0.828125,
      -4.375,
      -3.03125,
      4.1875,
      2.171875,
      -5.96875,
      8.5625,
      -2.9375,
      -4.78125,
      -1.9140625,
      2.078125,
      -2.234375,
      5.4375,
      1.90625,
      12.3125,
      22.25,
      3.59375,
      -2.109375,
      -2.703125,
      -8.5,
      5.8125,
      -5.46875,
      -3.65625,
      -6.875,
      2.453125,
      0.306640625,
      -7.90625,
      1.2109375,
      10.0625,
      -1.6953125,
      -3.078125,
      6.90625,
      1.7265625,
      3.46875,
      9.3125,
      8.375,
      1.140625,
      3.671875,
      -2.078125,
      5.5625,
      -1.1640625,
      -1.9765625,
      7.5,
      0.10205078125,
      4.3125,
      -5.96875,
      5.46875,
      -3.734375,
      3.453125,
      -6.8125,
      -2.34375,
      -4.6875,
      8.5,
      -5.125,
      9.4375,
      -15.1875,
      -4.34375,
      -5.15625,
      4.375,
      2.953125,
      6.03125,
      0.56640625,
      1.3828125,
      -1.875,
      -6.875,
      -7.53125,
      1.0859375,
      7.09375,
      -4.5625,
      0.59765625,
      -5.3125,
      -2.921875,
      -4.46875,
      3.515625,
      9.6875,
      -7.625,
      1.8046875,
      -8.375,
      -5.9375,
      10.125,
      -2.703125,
      1.2421875,
      -0.1845703125,
      -4.28125,
      -15.375,
      -8.9375,
      -3.171875,
      13.25,
      -5.0,
      2.828125,
      -9.375,
      1.1875,
      9.3125,
      1.8046875,
      -4.125,
